ID,Name,Age,City,Salary,Purchase_Amount
1,Anthony Richard,60,North Nancyhaven,72433.94,225.72
2,Ricky Terrell,21,North Annette,63660.61,258.19
3,Beth Anderson,55,North Andrewmouth,79081.63,344.1
4,Mrs. Courtney Acosta,49,Lisaborough,49791.99,54.65
5,Kirsten Obrien,55,Julieton,109397.89,61.33
6,Alyssa Terry,40,South Elizabethland,52086.41,388.63
7,Jesse Rodriguez,48,Jonesmouth,107771.46,147.85
8,Caroline Simpson,47,Huffside,117272.87,73.62
9,Amy Drake,25,East Tracyfort,102723.41,267.83
10,Sara Williams,38,Bakerland,97777.29,159.53
11,Elizabeth Gates,63,West Michaeltown,116754.35,155.18
12,Rebecca Melendez,42,Lake Victoriafurt,49985.89,498.29
13,Tyler Thompson,56,South Deborah,53941.15,279.13
14,Bernard Ross,50,West Brittany,67992.41,323.38
15,Nancy Brooks,59,West Spencerland,56484.16,148.65
16,Terry Jones,65,North Aaron,63677.87,183.16
17,Stephanie Rose,64,Lake Kevinville,88253.43,199.78
18,Gabriel Turner,20,Jesseshire,50605.7,215.91
19,James Jackson,42,Port Saratown,82157.15,227.45
20,Joshua Burke,18,Nicoleport,61005.9,448.71
21,Rachel Reynolds,24,New Diane,67335.59,488.26
22,Susan Baldwin,26,Perryborough,112146.94,467.23
23,Regina Durham,18,Sarabury,61442.18,479.78
24,Miranda Patel,33,Foxhaven,86048.33,496.08
25,Brian Morgan MD,49,Maldonadoburgh,46487.46,45.36
26,Nathaniel Mcintosh,38,Kimbury,64668.57,496.44
27,Joshua Martinez,31,Craigland,89315.62,333.37
28,Patricia Jones,24,South John,42188.5,359.13
29,Christina Santiago,39,East Dawnside,57967.89,232.04
30,Ms. Maria Austin,18,Gibsonmouth,108248.01,18.75
31,Anne Nelson,30,Seanborough,77101.26,106.17
32,Christopher Reese,59,Stricklandside,78963.32,483.82
33,Anthony Cooper,32,Jacquelineberg,119132.48,144.94
34,Tiffany Vargas,23,Reedmouth,109207.02,489.23
35,Kelly Perez,22,Johnsonstad,61877.71,135.24
36,Rachel Foster,35,Malloryside,93123.34,239.09
37,Martin Smith,54,North Rebeccafort,103991.41,231.27
38,Michael Garcia,52,East Stephanieshire,67853.35,105.69
39,Bradley Burns,45,Fostermouth,82712.65,274.52
40,Mindy Thornton,30,East Jennifer,110488.07,64.77
41,Joseph Jones,52,Jessebury,31882.8,396.9
42,Sara Williams,46,North Tina,87967.31,472.64
43,Jose Aguirre,57,Davidmouth,58170.39,408.1
44,Anne Cunningham,52,Loriberg,43405.13,429.98
45,Matthew King MD,37,North Danielleborough,109641.12,145.94
46,Cheryl Davis,62,Selenafort,52219.59,102.89
47,Gregory Harris,42,Lake Dawn,32523.61,361.59
48,Joshua Price,50,Kingborough,119191.61,130.13
49,Billy Rogers,20,Lake Janet,77634.8,113.0
50,Denise Walsh,39,South James,107838.39,446.81
51,Danielle Bailey,18,East Jasonville,70832.23,32.85
52,Michael Sanford,40,Lake Jimmychester,50703.59,352.15
53,Doris Morgan,25,Simonside,64029.06,162.2
54,Debra Robertson,20,North Margaretview,68501.06,191.64
55,Taylor Ballard,18,New Travisport,114060.02,255.78
56,Alyssa Moore,41,New Frankstad,61380.26,292.4
57,Jonathan Trevino,29,Fergusonfort,63943.18,320.97
58,Jessica Petersen,38,Cantrelltown,40156.46,277.09
59,Ronald Wallace,51,East Leslieton,98185.52,169.33
60,Julie Frederick,41,Frederickville,92863.69,255.43
61,Lori Griffith MD,58,West Sara,40088.4,312.52
62,Laura Skinner,26,North Christopherside,60811.57,259.03
63,Gary Mcgee,52,Brownmouth,118137.03,419.21
64,John Carney,55,Greenmouth,106637.14,486.89
65,Colleen Wong,21,North Saramouth,105592.37,426.67
66,Jessica Walton,43,West Williamton,41459.95,229.05
67,Joanne Jones,63,Kellyside,110081.41,422.43
68,Anthony May,22,Leahport,86871.91,36.63
69,Jacob Cox,52,East Sandrabury,93220.46,177.6
70,Matthew Murphy,57,North Mariomouth,77836.58,346.83
71,Samuel Mccullough,26,West Catherineside,101116.79,437.23
72,Lisa Anderson,39,Gregoryburgh,81198.58,112.36
73,Wayne Pearson,39,Rogersberg,91364.21,246.1
74,Tyler Rogers,19,Darrellton,31085.78,51.49
75,Heather Nunez,44,Christopherside,92314.45,79.47
76,Allison Kelley,59,Roberthaven,31712.87,291.57
77,Perry Baker,44,Myerschester,50745.39,403.87
78,Annette Smith,19,Lambertfort,106555.04,220.23
79,Jennifer Meza,41,Barajasborough,36149.38,30.15
80,Dawn Mccoy,47,North Tracy,40158.79,339.08
81,Joshua Harrell,64,North Micheleberg,116163.68,141.55
82,Kevin Ruiz,28,Greenechester,109102.15,256.93
83,James Edwards,40,Port Lukemouth,99818.52,142.6
84,Sylvia Cunningham,45,East Nathaniel,87634.15,279.41
85,Sarah Russell,63,Myersfort,74364.0,448.43
86,Julie Houston,50,Port Cherylfort,105829.96,281.8
87,Austin Cross,26,South Lisaville,62084.21,464.2
88,Michele Martin,39,Myersside,73937.87,106.85
89,Joseph Hernandez,42,Walltown,68586.26,274.83
90,Scott Delgado,39,Joshuaton,93573.13,100.48
91,Brooke Harris,64,Orozcofort,46340.73,337.1
92,Angelica Hernandez,26,Nicholaschester,59329.29,478.7
93,Jennifer Bryant DVM,52,Port Cynthiabury,97263.99,142.18
94,Brandi Perkins,52,Leechester,80476.26,190.65
95,Jessica Wilson,40,New Connieland,34061.23,126.33
96,Laura Lewis,24,West Lisa,92428.5,268.0
97,Keith Cook,64,Galvanfort,68097.32,404.56
98,Deborah Blair,57,West Garytown,41538.17,184.87
99,Mary Clark,44,Jessicashire,70312.43,403.7
100,Jeff Adams,44,Middletonport,100035.78,358.9
101,Adam Warren Jr.,50,Patrickmouth,110987.26,453.55
102,Brendan Beltran Jr.,43,West Emilyfurt,47078.29,439.6
103,Brian Parker,25,New Brandon,100802.61,430.23
104,William Figueroa,53,Rojasburgh,101970.95,251.22
105,Willie Turner,53,Zacharyfort,70791.11,317.39
106,Erin Marshall,46,Millerstad,51686.65,455.32
107,Lori Mills,48,Martinezborough,53405.59,440.98
108,James Gonzalez,23,Frederickfurt,91663.5,61.41
109,Samantha Thomas,21,East Kristen,77588.41,474.96
110,Karen Mcguire,51,Port Michael,91531.32,451.83
111,Erik Frank,55,Briggston,98377.98,487.37
112,Mary Underwood,48,Alexanderland,73264.39,344.94
113,Kathy Estrada,26,Arroyoshire,118077.57,62.4
114,Christina Ford,34,Jensenmouth,76202.26,113.75
115,Sherri Martin,54,East Caitlin,37623.89,405.06
116,Travis Hawkins,29,Brittanyborough,96235.13,495.12
117,Timothy Little,58,Lake Cynthia,62357.7,431.53
118,John Miller,41,East Kristinbury,100935.77,48.99
119,David Rasmussen,58,Port Dorothy,39973.59,141.89
120,Frank Petty,54,West Edwin,90955.08,238.66
121,Christopher Gray,25,Sarahton,103097.56,420.68
122,Michael King,21,Port Christopher,87901.11,176.23
123,Shelly Turner,45,North Anneshire,40617.07,61.59
124,Lindsay Lawson,37,Kellymouth,95353.13,123.31
125,Michael Jones,49,Lake Anthony,96674.34,83.75
126,William Smith,48,East Victoria,94675.37,314.34
127,Jacob Bailey,22,Nguyenmouth,109274.8,420.21
128,Melissa Koch,40,Sabrinachester,42803.68,465.69
129,Denise White,51,Thomashaven,44544.07,394.75
130,Alexander Hawkins,60,Melissaborough,36224.59,394.22
131,Brian Robinson,45,Vincentville,86842.41,261.97
132,Heidi Gonzalez,27,North Kyle,102186.5,378.46
133,Caitlyn Lin,28,Williamschester,57509.43,28.13
134,Martin Todd,23,North George,58323.84,66.32
135,Diana Jefferson,39,Dariusmouth,53808.61,188.98
136,Steven Moreno,18,Mccormickhaven,53972.54,114.46
137,Marissa Hernandez,60,Justinchester,59779.62,312.16
138,Travis Carlson,59,West Tamaramouth,46826.8,29.78
139,Anthony Meyer,63,Maryton,31090.19,265.5
140,Tiffany Massey,54,North Spencerborough,46114.13,78.57
141,Michael White,62,East Mitchellton,56284.55,115.72
142,Eric Smith,36,East Diane,93548.58,374.21
143,Amy Hall,21,South Jeffreyville,107024.61,354.85
144,David Moore,57,North Sabrina,42652.07,160.35
145,Brian Vasquez,62,Carolineview,73726.27,221.55
146,Michele Harris,51,Lake Michaelshire,63356.46,401.44
147,Sara Wong,62,North Jerry,83607.56,281.63
148,Laura Wade,42,Port Evanfort,101838.44,29.8
149,Andrew Jones,45,New Yvette,33899.15,398.87
150,Belinda Turner,32,Pottsfort,46361.04,314.14
151,Marcus Combs,18,Jennyfort,75495.05,447.52
152,John Gray,29,Lake Ronnie,76594.85,121.57
153,James Gordon,29,Colebury,78628.71,205.29
154,Nathan Brown,42,Singletonberg,106831.63,133.37
155,Cristina Dorsey MD,34,South Marissaville,47189.9,431.6
156,Christopher Pratt,45,Dennishaven,82973.26,431.58
157,Jack Jones,37,Devinbury,46856.11,243.21
158,Terrence Mcmillan,22,Robertmouth,54759.78,270.44
159,Eric White,18,Hendersonbury,115764.43,293.17
160,Timothy Jones DVM,51,Port Ashleyberg,99134.1,253.47
161,Heather Mendez,65,New Henry,67811.49,127.78
162,Ronald Tran,33,Port Juanside,54178.9,355.12
163,Robert Norton,62,Patriciaside,110889.55,290.67
164,Kristen Cabrera,60,West Laurie,118079.08,320.29
165,Sierra Burgess,61,Port Tony,100125.54,38.51
166,Kimberly Adams,30,South Judithbury,68432.0,22.61
167,Susan Edwards,19,North Thomasfort,41967.22,33.57
168,Jennifer Meyer,33,South Kimberly,45781.9,370.22
169,Michael Miller,62,Leslieburgh,84355.88,236.35
170,Carl Obrien,63,Floresbury,34279.1,106.4
171,Erika Jefferson,46,South Kevin,73615.3,307.85
172,Derrick Nash,63,Oconnellmouth,88161.22,363.0
173,Aaron Rollins,28,South Ashley,61235.08,432.28
174,Jordan Gill,40,Batesside,103323.83,94.4
175,Antonio Berry,58,Joneshaven,95690.16,462.28
176,William Ross,22,New Kennethbury,33051.91,171.39
177,Christina Morgan,42,Tracytown,98170.03,420.0
178,Dr. Melissa Bell,24,East Amy,116126.63,487.56
179,Jillian Caldwell,39,North Kennethstad,51140.85,301.11
180,Latoya Craig,48,Hughestown,81773.89,299.71
181,Erin Johnson,35,Melissaburgh,62844.24,219.83
182,Donald Quinn,63,West Kristentown,72780.24,409.63
183,Hannah Green,18,West Alanport,102481.63,149.24
184,Linda Flores,51,Port Johnfort,45396.74,179.36
185,Martin Short,38,Patriciaton,63316.38,232.27
186,Peter Byrd,37,Schultzmouth,117175.84,155.49
187,Patrick Taylor,58,Lake Nancy,115943.2,242.84
188,Justin Mendoza,64,Catherineview,35417.97,228.29
189,Shannon Hernandez,35,South Michael,104729.4,486.88
190,Mrs. Michelle Mercer,39,Tatehaven,44684.75,96.26
191,Adrian Russell,28,Richardhaven,62067.88,388.89
192,Lisa Nichols,48,Douglasbury,108188.47,75.99
193,Gary Pierce,35,Lake Randall,57940.85,70.91
194,Michael Bradford,48,East Megan,66623.83,371.88
195,Luis Wang,42,Williamsview,86436.7,83.95
196,Charles Burton,20,Pierceton,41013.2,422.15
197,Donald Fleming,36,Kellyberg,94432.54,265.9
198,Betty Hamilton,58,Heathertown,116297.22,203.35
199,Michael Williams,26,Watsonview,99227.06,13.03
200,Melanie Taylor,25,East Danielstad,85683.39,337.9
201,Lindsey Smith,29,Lake Jodychester,111839.63,363.28
202,Julia Dalton,47,West Amberchester,81292.49,349.17
203,Dennis Bruce,33,Port Allisonmouth,33600.51,140.39
204,John Smith,34,West Patricia,34047.48,148.4
205,Amy Bishop,53,Kathleenport,78315.17,37.19
206,Mr. Randall Lopez MD,44,Port Alexander,61627.9,279.26
207,Taylor Clark,51,North Hannah,54109.62,313.35
208,Lisa Russell,50,South Paulafort,44272.17,205.15
209,Sarah Bass,37,North Malloryside,30012.2,491.92
210,Ethan Stark,31,Natashaland,85432.14,315.22
211,Shelley Taylor,35,North Adam,119315.19,94.02
212,Victor Dodson,44,East Jacob,33155.59,244.83
213,Margaret Stuart,34,East Melindaport,84669.52,335.46
214,Stephanie Golden,37,Salinaschester,32370.98,355.15
215,Jennifer Mcclure,56,Lake Julie,72128.44,212.31
216,Casey Pennington,47,Christinamouth,115692.97,172.58
217,Jennifer Gomez,29,Anthonymouth,63289.89,219.14
218,Michael Martinez,55,Christineville,61208.09,424.46
219,Olivia Wright,53,Medinaview,64692.57,146.89
220,Charles Gray,49,Lake Kimberly,109295.35,14.71
221,Megan Rocha MD,21,South Nicholas,102515.14,490.09
222,Stacy Cruz,23,Guyburgh,73262.98,404.95
223,Gina Ayers,40,Fostermouth,65598.72,452.62
224,Jerry Curry,44,South Linda,49825.66,302.3
225,Robert Walter,57,East Rose,40662.13,273.13
226,Andrea Oneill,32,Leefort,103679.23,456.3
227,Angel Foster,52,West Reneeland,113976.07,367.18
228,David Lawson,44,Estradastad,55035.85,44.17
229,Christopher Owen,43,Andresport,69987.47,444.17
230,Linda Castillo,25,Michaeltown,110229.41,251.47
231,Kevin Bryant,52,Laurenbury,32462.32,372.4
232,David Bell,36,North Douglasborough,79042.84,235.53
233,Jessica Pineda,50,Fletcherport,97786.83,292.13
234,Kelly Howard,52,Peggyville,61791.37,446.99
235,Deanna Cruz,26,New Krystalview,83214.84,280.51
236,Jennifer Cummings,21,West Kennethhaven,97849.51,435.75
237,James Patrick,54,Fisherstad,74660.05,496.32
238,Jamie Franco,58,Port Paul,55029.72,333.21
239,Blake Swanson,49,Henrybury,63612.67,128.67
240,Denise Adkins,26,East Sherry,40738.41,63.37
241,Mike Smith,53,Port Sandrabury,91555.31,34.42
242,Tim Collins,28,Boylemouth,107825.18,239.01
243,Larry Mcbride MD,18,Dominguezside,93852.75,358.69
244,Nicholas Anderson,64,East Danielshire,99924.59,195.03
245,Jonathan Howell,58,West Richard,49641.01,454.03
246,Michael Hayes,49,Gonzalesfurt,36314.85,391.44
247,Daniel Ortiz,32,Lake Nicole,115618.89,210.0
248,Gregory Jensen,40,West Monicamouth,114324.86,458.67
249,Anthony Lopez,25,Pamelabury,32947.12,146.56
250,David Castro,30,South Nicole,48051.67,387.63
251,Jessica Chang,25,Hughesberg,50885.67,324.05
252,William Woods,47,West Ericaland,31630.97,181.91
253,Teresa Bailey,25,Sanchezbury,110373.98,238.15
254,Paul Reed,51,Port Jennifer,48976.36,165.82
255,Justin Rios,64,Jamesside,94090.42,476.38
256,Lawrence Lopez,18,Johnsonfurt,113728.58,66.48
257,Todd Melendez MD,60,West Danielmouth,49106.51,75.18
258,Jordan Davies,44,New Keith,31516.19,400.35
259,Kathleen Choi,32,Schultzbury,35855.7,166.19
260,John Lyons,61,Michaelton,63346.89,86.26
261,Christopher Johnson,20,North William,119618.19,177.57
262,Fernando Bruce,21,South Marie,30941.38,10.06
263,William Smith,27,Piercehaven,41971.85,476.45
264,Sandy Sawyer,26,West Sherylhaven,56929.28,205.91
265,Eric Scott,23,Hamptonmouth,76774.36,54.18
266,Bonnie Rogers,41,Thomastown,33363.36,386.25
267,Ronald Page,64,Lake Randallborough,73780.42,199.14
268,Michele Huerta,33,Loweton,65021.34,441.19
269,Mrs. Kendra Rice PhD,60,Bryantberg,53632.05,149.13
270,Andrew Padilla,38,East Timothy,97440.19,241.44
271,Amanda Gonzales,25,Lake Traceyhaven,98796.07,163.92
272,Mark Berry,23,Haleyshire,86919.7,125.93
273,Michael Harris,32,East Christopher,56423.29,284.82
274,Veronica Ferguson,30,Jordanborough,113035.54,73.97
275,Brandon David,38,Davischester,102668.9,93.69
276,Michele Barr,41,Katherinebury,80552.58,57.53
277,Michael Johnson,53,Holderstad,51519.68,173.61
278,Maria Klein,24,South Darleneton,46445.58,12.1
279,Theresa Simmons,28,Nielsenbury,69592.18,177.52
280,Jennifer Murphy,22,Cherylburgh,100982.66,477.16
281,Derrick Roberts,19,Deannamouth,97040.18,370.58
282,Juan Smith,53,Michelleborough,100620.26,80.5
283,Douglas Taylor,51,Jonathanmouth,86603.13,424.24
284,Patricia Brown,47,Port Philipfurt,46463.89,175.74
285,Sherri Gray,27,New Davidside,51992.19,165.83
286,Kimberly Boyle,33,Anthonyton,100128.67,159.14
287,Nicholas Neal,48,South Mistybury,40117.5,160.75
288,Matthew Silva,22,Woodwardton,104820.56,138.24
289,Daniel Sanders,56,New Rebeccaside,31161.71,459.2
290,Janice Clark,39,Riceville,50915.12,378.08
291,Gabrielle Hughes,39,Millershire,113623.5,24.98
292,Emily Strong,20,Christophermouth,109402.9,280.46
293,Donna Avila,54,Torresfurt,43509.54,294.5
294,Jean Barrett,33,Port Melaniefurt,75581.24,37.2
295,Kimberly Floyd,23,Lake Gregory,86795.24,172.03
296,Sarah Johnson,22,Gonzalesport,103574.53,142.47
297,Cassandra Frazier,32,Joneschester,36492.77,167.98
298,Frank Knight,39,North Andrew,77789.61,279.77
299,Kenneth Gardner,28,South Ian,56464.3,80.32
300,Scott Adkins,25,West Steven,34544.16,463.68
301,Connor Martin,53,Villarrealmouth,102126.37,166.71
302,Cassandra Williams,35,West Ronnie,32964.91,100.82
303,Caitlin Rodriguez,32,Allisonfort,36616.49,161.81
304,Jeffrey Porter,41,Patricialand,52725.87,225.46
305,Wayne King,62,East Brittany,73342.46,111.39
306,William West,56,Rhondaland,115726.69,304.98
307,Paul Barnes,45,Port Jenniferhaven,66996.07,165.2
308,Jeffrey Campbell,55,South Andrea,50604.03,252.3
309,Tyler Herrera,29,West Samuel,40056.57,385.4
310,Rebekah Glover,19,Darlenefort,104651.83,461.05
311,Edward Byrd,41,Lake Breanna,53101.64,316.07
312,Daniel Wiley,40,West Danielleland,60910.42,340.19
313,Sierra Diaz,61,New Kristen,38676.47,35.45
314,Amy Hernandez,64,South Edward,88172.02,51.3
315,Jose Krueger,63,Bennettland,107122.44,50.3
316,David Casey,55,Michaelland,105455.5,83.32
317,Holly Nguyen,62,Johnland,63947.11,489.01
318,Jo Smith,37,Lake Carlside,36280.02,191.85
319,Brian Moore,32,New Dorothy,104016.62,474.35
320,Michael Campbell,64,Leeberg,96515.18,114.46
321,Mary Pineda,56,West Danielle,89204.65,234.99
322,Holly Glass,42,South Karen,33835.81,136.96
323,Brenda Gibson,33,New Lisatown,48630.79,47.43
324,Karen Herrera,49,Granttown,84250.21,280.55
325,Karen Olson,28,East Paulberg,50543.61,38.02
326,Sherry Rogers,38,Jamiefort,78105.89,150.79
327,Andrew Olsen,26,Hesterberg,102117.54,461.98
328,Samantha Patel,45,Lake Brian,95763.13,137.84
329,Angela Hall,58,Millerborough,31462.86,491.42
330,Denise Alvarado,58,Sarahport,76810.82,301.64
331,Jacob Gray,61,South Antonioville,118683.9,482.64
332,Joseph Herrera,28,New Stevenview,43628.09,49.67
333,Bradley Gallagher,27,West Christopher,103573.78,405.55
334,Joseph Ward,19,Lake Michael,62272.64,232.42
335,Troy Lee,21,Port Anthony,35554.76,411.98
336,Michael Mcguire,45,East Colemouth,76876.25,416.89
337,Francisco Brewer PhD,38,Marthaburgh,87251.85,474.87
338,Vickie Ho,32,North Tanya,104070.36,338.99
339,Michele Aguirre,44,Lake Amanda,65113.37,161.08
340,Randy Hicks,43,Orozcoland,48848.47,367.4
341,Tiffany Gray,26,West Melissastad,69981.89,352.4
342,Penny Grimes,27,Elizabethside,96300.47,297.32
343,Ashley Melton,34,Garciaville,103103.55,478.04
344,Robert Lewis,42,North Anthonymouth,80629.18,203.3
345,Elizabeth Harmon,58,Lake Christine,117965.17,204.3
346,Julie Estrada,24,North Manuelfurt,111748.33,94.14
347,Dennis Gill,40,Stanleyland,64976.23,346.87
348,Brittany Simpson,45,New Kevintown,51796.58,247.08
349,Mia Owens,19,Lake Alexandrahaven,63177.23,331.75
350,Thomas Beasley,42,Port Julieshire,97174.08,56.61
351,Michael Martinez,51,Bakerstad,45167.81,253.43
352,Kevin Miller,55,North Jenniferville,70165.24,495.41
353,Ashlee Ferguson,39,West Todd,34946.35,274.96
354,Whitney Ryan,64,South Adamshire,62686.43,139.86
355,Donna Browning,59,Petershaven,66027.06,133.02
356,Kevin Carr,45,Rogerton,59646.53,438.81
357,Tina Blackburn,33,South Elizabeth,77102.4,476.97
358,Nicole Todd,29,North Annette,43722.42,384.25
359,Caitlin Ward,56,Butlerton,81168.27,434.73
360,Teresa Shepherd,33,Port Emily,72191.41,492.77
361,Richard Woodard,56,Terristad,118860.37,458.85
362,Jacqueline Bowman,52,Gailtown,76974.29,434.61
363,Maxwell Nelson,30,Michaelshire,51460.83,297.24
364,Deborah Cox,28,South Shawnshire,51522.17,277.25
365,Eric Mcgee,42,Ericksonland,77630.39,337.12
366,Pamela Davis,25,South Stephenmouth,113579.85,163.25
367,Charles Young,44,North Scottland,95626.31,234.72
368,Susan Reese,26,East Cindy,90985.18,43.97
369,Nicholas Calderon,50,Wendytown,70271.36,448.2
370,Kathleen Martinez,52,Valerieview,31718.12,307.92
371,Jessica Berg,27,Terrymouth,73578.64,243.66
372,Stephanie Willis,44,Rhodesmouth,90843.16,354.92
373,Nathan Aguilar,53,South Cameronchester,71394.74,373.0
374,John Cardenas,53,Port Michaelburgh,57532.33,472.21
375,Stephanie Stewart,31,Port Seanshire,40267.86,494.17
376,Lisa Rivera,36,Palmerside,56355.33,488.06
377,Derek Wang,39,Jamesburgh,93663.98,256.19
378,Michael Berry,55,West Courtneytown,73731.69,363.58
379,Michael Wright,27,South Tammy,49080.48,17.8
380,Stephanie Clark,24,North Anthony,44785.57,109.57
381,Rodney Vasquez,62,Copelandmouth,118441.64,303.19
382,Colin Bates,41,Evansburgh,52261.41,226.53
383,Briana Bradley,58,South Nataliefort,87163.44,469.2
384,Erica Anthony,19,New Chelsea,75242.63,158.66
385,Philip Peters,65,Lake Rebeccaville,111671.92,46.43
386,Francis Alexander,49,Port Natasha,98720.47,256.34
387,Kayla Lopez,19,North Taylor,67654.2,120.56
388,Rachel Johnson,43,North Jerry,53078.6,469.74
389,Gail Wilkinson,52,Perkinstown,119182.75,421.23
390,David Wade,25,Port Justin,77076.86,215.24
391,Ralph Hall DVM,33,East Charles,99702.24,457.24
392,Matthew Klein,47,Craneburgh,93644.29,202.03
393,John King,54,Mirandahaven,76440.05,447.26
394,Tammy Jones,48,South Jeffery,75107.38,87.59
395,Jose Bowman,30,North Thomas,90753.55,353.0
396,James Miller,32,Byrdfort,114560.87,407.3
397,Mark Ramos,22,East Kelly,91871.21,402.53
398,Christopher Buchanan,54,Ericksonport,79381.34,472.68
399,Nicholas Velazquez,59,West Michelleland,106711.2,285.84
400,Robert Walsh,64,Port Marychester,86135.94,368.09
401,Terry York,23,West Ryanton,103455.13,174.78
402,Hannah Kane,21,Hernandezhaven,80001.34,148.93
403,Keith Jimenez,53,Lake Johnfurt,75886.78,301.13
404,Robert Rivera,19,West Jennifer,85391.02,194.12
405,Anthony Lane,36,Bethshire,38575.68,115.98
406,Robert Kelly,38,Robinmouth,76244.32,188.79
407,Terry Harrison,40,Loganburgh,36244.5,377.53
408,David Romero,37,Sandrahaven,36178.5,53.44
409,Angel Duarte,54,Cowanland,82921.7,492.84
410,Robert Hudson,64,Port Deniseville,65109.32,385.27
411,Jessica Joseph,45,Tuckerfurt,36573.59,342.26
412,Rebecca Castro,62,Brandonbury,72088.67,85.1
413,Tonya Miller,36,Jonathanside,98580.41,107.99
414,Andrew Frost,64,South Dustinside,72110.18,392.78
415,Jacob Griffin,56,Ryanland,99525.5,97.12
416,Wayne Davis,29,South Brian,106044.89,358.44
417,Emily Johnson,25,New Jacqueline,89239.64,343.04
418,Mr. Kenneth Mills,58,Gonzalezshire,94470.78,265.58
419,Nicole Ruiz,31,Port Jasonstad,49835.63,106.71
420,John Johnson,43,Sandraberg,32913.15,307.9
421,Patricia Robles,48,South Robert,40376.32,499.91
422,Tony Stewart,31,North Valerie,77699.42,459.24
423,Jessica Baxter,27,North Brittany,95143.81,461.98
424,Craig Moore,26,West Anthonyview,114031.29,479.33
425,Jeffrey Smith,42,South Cynthiafort,38112.65,391.63
426,Donald Olson,51,Port Timothy,92871.79,39.74
427,Austin Nolan,48,Lake Marvinfurt,92108.18,476.27
428,Jerry Morales,31,Port Ericmouth,110400.67,177.77
429,Michele Cortez,61,Lake Jacquelineborough,92510.48,479.44
430,Donald Cochran,53,Johnnyfort,88966.18,17.21
431,Joanne Salazar,47,New Michael,117623.88,83.97
432,James Bernard,19,Lisaton,83543.79,330.0
433,Kenneth Dudley,24,East Ryan,81372.38,127.79
434,Timothy Sweeney,51,East Randall,98601.9,21.18
435,Heather Hopkins,47,Samuelbury,32474.77,279.68
436,Karen Sanchez,45,South Vincent,33073.18,470.9
437,Alison Campbell,45,West Jeremy,95821.62,286.71
438,Melissa Warner,28,Lake Ericville,105444.76,323.8
439,Mr. Michael Turner,21,Walkerstad,105206.18,23.59
440,Michael Brown,19,Markfort,72560.32,312.25
441,Dylan Montgomery,57,Lake William,71167.41,405.33
442,Brianna Trevino,64,North Marymouth,114302.61,294.66
443,Deborah Ruiz,57,Frostville,32627.76,430.76
444,Thomas Durham,22,North William,104458.14,360.46
445,Holly Jones,53,East Charlesburgh,74083.85,370.94
446,Daniel Horn,52,Hillmouth,32754.0,269.29
447,Amanda Woods,51,Matthewton,56056.32,462.92
448,Brandy Simmons,60,East Stephen,37950.58,487.61
449,David Young,41,Oneillport,98521.22,382.7
450,Kelly Thompson,50,North Megan,90436.22,93.56
451,Hunter Lee,48,Ashleeborough,41041.4,208.04
452,Robert Torres,38,New Misty,72760.03,349.25
453,Elizabeth Weaver,56,East Kimberlyhaven,101466.36,111.35
454,John Richardson,57,Alexanderbury,43062.01,207.74
455,Lisa Scott,45,Brittanyton,88726.43,191.72
456,Juan Vazquez,60,Port Sethbury,101909.25,70.46
457,Sarah Lee,57,Nathanbury,106082.17,77.43
458,Suzanne Cox,24,Port Sean,115355.84,143.51
459,Kaitlyn Waller,26,Port Dylan,76881.73,97.94
460,Nancy Castro,39,Port Meredith,69414.06,255.21
461,Michael Nguyen Jr.,62,South Josephland,110834.88,109.61
462,Thomas Evans,52,Middletonfort,54955.63,141.42
463,Gregory Snyder,42,North Ann,106842.55,111.43
464,Mrs. Ana Robles,51,Rossside,36232.09,219.98
465,Joshua Henry,37,South Erica,59411.93,286.21
466,Debbie Campos,59,South Lauren,97894.4,39.24
467,Linda Stevens,21,East Karenborough,51836.98,469.97
468,Jennifer Barron,62,East Stacyshire,78608.72,110.69
469,Ralph Callahan,37,Alyssaside,30077.06,437.0
470,Steven Hart,35,South Sharon,36868.05,496.14
471,Susan Garcia,41,Port Lindsey,64576.38,414.6
472,Erica Porter,41,New Peggy,92120.35,106.66
473,Amy Saunders,19,North Alexis,40935.26,482.02
474,Willie Rodriguez,62,Williamsmouth,69608.35,56.03
475,Debra Carlson,58,Dunnchester,118408.92,274.19
476,Michelle Young,31,East Paula,116258.03,399.55
477,Nicholas Evans,20,Lake Laurenstad,57723.4,126.61
478,Amanda Murphy,51,New Andrea,73062.54,220.81
479,Renee Kelley,22,Floresstad,41567.39,492.87
480,Dr. Lacey Hunter,55,Aimeetown,45570.04,443.64
481,Victor Hoffman,41,Port Carl,62061.39,38.58
482,Julie Roberts,35,Davidport,77352.7,229.92
483,Ricardo Palmer,22,Joshuaborough,119116.87,145.31
484,James Meyer,22,Romerofurt,100036.67,53.93
485,Stephanie Marshall,60,Port Stephaniefort,78805.13,122.15
486,Molly Miller,43,Lake Andrea,51779.07,458.21
487,Jenna Lam,37,South Jamie,62518.92,38.62
488,John Brown,35,Salazarshire,107364.15,366.73
489,Jacob Higgins,27,Spencerchester,33574.39,231.03
490,Matthew Gallegos,49,Thompsonborough,107516.82,446.43
491,Michael Allen,36,South Deannaburgh,44103.14,451.62
492,Monica Chapman,44,Danielberg,61982.51,58.02
493,Karen Lewis,55,West Wendystad,58047.95,449.47
494,Mallory Stewart,55,Port Brendabury,99376.54,357.88
495,Ellen Oliver,57,North Duane,85202.08,212.7
496,Johnny Kennedy,39,South Jeffrey,102862.88,336.11
497,Erin Lewis,38,Whitneychester,62276.38,123.03
498,Luis Hughes,24,Lake Stephenside,105995.4,16.17
499,Brandy Ayers,63,Jasmineberg,34672.6,87.3
500,Terrence Houston,37,Littlestad,61920.84,488.75
501,Teresa Morales,25,East Christopher,39704.42,393.08
502,Shane Rodriguez,45,Bryanside,70251.15,394.14
503,Cameron Woodard,58,Montesstad,100096.66,331.13
504,Joshua Roach,55,Johnstonberg,77883.44,50.39
505,Melissa Gibbs,62,Justinbury,100042.32,150.34
506,Joseph Vaughan,63,Benjaminbury,108376.2,293.69
507,Ricardo Price,21,North Michaelchester,118721.38,361.14
508,Brandy Bradley,29,West Jessicaview,113534.38,286.32
509,Michael Rodriguez,36,Lake Jim,60742.37,434.36
510,Kimberly Roberts,34,Lake Sheriton,57626.32,411.13
511,Teresa Arnold,30,Williamschester,101475.42,360.41
512,Amanda Adkins,23,East Sarahland,85447.44,450.27
513,Carla Young DDS,58,Port Angelaside,112230.43,116.71
514,Christopher Phelps,37,Williamschester,80682.77,186.21
515,Jordan Gomez,37,Katherineview,118385.88,193.76
516,Nicholas Benjamin,53,Bradleyburgh,73968.08,482.8
517,Rachel Smith,18,Teresamouth,60920.96,477.06
518,Patrick Christensen,49,Loriville,119885.99,443.32
519,Laura Collins,63,East Jeffreyfurt,34648.14,126.42
520,Derek Ball,38,Williamville,89532.43,96.9
521,Brian Mcmillan,62,North Kiaramouth,82588.7,138.43
522,Mark Smith,18,Davidton,39546.16,463.98
523,Pamela Grant,51,Kingburgh,37078.58,196.98
524,Gary Harper,52,Chapmanberg,54611.92,200.71
525,Kayla Taylor,22,Rachelview,60466.45,217.21
526,Robert Guerrero,47,North Timothyland,61818.02,485.74
527,Pamela Pollard,62,Johnsonton,42622.53,469.31
528,George Reid,65,New Cameronhaven,117630.22,303.05
529,Charles Jackson,53,Aliciastad,67782.43,376.18
530,Elizabeth Hansen,26,Kristenstad,48235.96,109.53
531,Kaitlin Young,44,New Laura,100030.78,481.17
532,Zachary Morales,56,North Lisaborough,104391.82,189.29
533,Amanda Adams,34,Richmondchester,54022.42,147.62
534,Ricky Robertson,37,South Eric,62284.64,251.25
535,Brandon Williams,40,Lake Richard,37983.42,380.49
536,Madison Anderson,23,East Joseph,86125.97,309.67
537,Thomas Ruiz,55,East James,31916.08,337.76
538,Misty Myers,57,Holdenside,113391.72,67.38
539,James Jimenez,48,Port Andrew,112910.97,110.23
540,Paul Norton,63,Jacobsbury,89165.83,207.89
541,Samuel Sanchez,47,Michelefurt,80068.51,274.89
542,John Barron,38,Lake Luis,86744.45,364.28
543,Erin Bautista,64,Stevensonton,75795.7,436.25
544,Robert Medina,21,South Tom,63613.76,467.8
545,Patrick Sexton,36,New David,91526.01,377.28
546,Maurice Walls,27,Lake Sandra,72268.48,375.65
547,Robert Banks,53,Peterton,34734.04,187.33
548,James Benton,46,Lake Brookemouth,96022.42,279.8
549,Susan Ewing,38,Lake Benjamin,68522.65,22.83
550,James Miller,39,Melissatown,83223.89,418.15
551,Jeremiah Benson,28,Port Chadberg,77085.1,85.96
552,Jennifer Burns,42,South Bradshire,83467.51,333.15
553,Courtney Lewis,31,Kennethberg,114315.21,214.62
554,Tyler Taylor,41,Amberhaven,85721.6,315.51
555,Daniel Hale,34,Lake Troyburgh,37620.57,37.47
556,Phillip Mendoza,47,Lawrenceport,100947.61,487.71
557,Catherine Taylor,50,East Jeffreytown,79441.58,106.09
558,Gabrielle Griffin,45,Littlemouth,103762.71,63.02
559,Glenn Miller,23,East Benjaminberg,81327.25,215.4
560,Luis Harrison,48,New Jocelynside,60202.33,177.4
561,Brian Payne,19,Teresafort,77716.6,101.87
562,Eugene Espinoza,31,Tuckerborough,107318.34,312.45
563,Dominique Moses,61,Westborough,54776.5,107.91
564,Jeffrey Knight,43,Robertsfort,85967.76,172.36
565,Christy Burns,42,New Sandra,97989.67,134.05
566,Mary Bradley,53,Victoriamouth,49487.33,231.43
567,Brandon Elliott,53,East Jacob,67713.01,372.54
568,Rebecca Green,64,New Hunter,30629.66,415.53
569,Dana Weaver,20,Lake Brendan,96027.97,334.28
570,James Smith,21,Stephenview,116360.79,280.52
571,Justin Mckenzie,25,New Jerryfurt,105115.72,319.11
572,Mary Mccall,45,Williamsland,69884.41,438.08
573,Nicole Gonzalez,36,Michaelberg,49562.8,154.47
574,Savannah Parsons,34,East Ryanberg,114071.33,182.49
575,Kelly Lynn,31,Christianberg,55310.61,392.51
576,Timothy Nelson,18,Erinshire,42956.2,392.21
577,Jonathan Phillips,59,New Ian,116480.41,277.74
578,Stephanie Maddox,35,Guzmanburgh,35509.19,273.41
579,Kristin Anderson,51,Leeville,103876.64,142.13
580,Eileen Sherman,25,Whiteshire,48044.49,34.81
581,David Pineda,37,Burkeport,58254.18,409.56
582,Shelby White,29,Ericland,61933.14,181.64
583,Richard Williams,59,Amystad,83123.07,172.43
584,Lee May,41,North Pamela,90357.87,60.14
585,James Cordova,43,Conwaymouth,70141.51,44.3
586,James Brown,28,Carterborough,82866.83,236.15
587,David Cortez,47,Tinabury,42050.24,25.74
588,Scott Pratt,44,Lindsayview,64895.95,175.2
589,Jesse Hopkins III,49,Thomasbury,45857.34,348.85
590,Patricia Garza,22,East Jeffreychester,46427.92,368.52
591,Jessica Kidd,33,New Juliafort,119253.64,106.19
592,Kevin Jones,60,East Amychester,118902.77,71.39
593,Tammie Lopez,56,Zhangview,69730.48,413.47
594,Curtis Rodriguez,19,South Cristina,102536.77,155.23
595,Thomas Valencia,47,Schroederview,109149.82,244.99
596,Belinda Lucas,22,Port Ashlee,40220.02,182.62
597,Cody Mata MD,41,Johnton,41619.75,465.81
598,Jennifer Nichols,63,East Mary,64402.24,178.24
599,Christina Cobb,28,West Laurenport,70705.26,186.32
600,Curtis Williams,26,West Christopherville,60504.85,90.9
601,Wendy Molina,45,North Mark,85876.51,11.87
602,Bryce Jackson,33,Lake Williammouth,54666.29,239.24
603,Alexis Young,59,Susanhaven,106218.27,455.67
604,Charles Roy,56,Lake Michael,82657.05,85.6
605,Pamela Johnson,53,Lake Ashleyfort,59351.84,24.74
606,Karen Mcknight,52,Port Monicamouth,109457.49,197.78
607,James Kelley,25,Zacharybury,106233.75,211.3
608,Mary Cox,24,Jonesberg,94282.42,493.84
609,Kevin Lindsey,33,East Matthewberg,118947.35,369.96
610,Joshua Mccarthy,30,Rossside,93477.34,496.27
611,Jenny Jones,40,Ingrammouth,94314.78,25.46
612,Richard Harris,59,Hillstad,89966.33,134.41
613,Tom Lawrence,20,Kathyburgh,81371.5,116.4
614,David Bean,50,Port Teresaland,107735.02,19.66
615,Brian Garcia,64,Barrettfurt,38009.76,453.46
616,Tammy Young,61,Benjaminton,58098.12,347.23
617,Dana Singh,39,Lake Jasonmouth,116714.82,338.05
618,Shane Norris,26,Yolandachester,97727.24,435.66
619,Teresa Hines,26,East Allen,104104.88,446.56
620,Michael Gray,39,South Holly,59786.72,250.62
621,Heather Matthews,48,Petersstad,81675.94,195.26
622,Frances York,20,South Tammy,87213.58,169.22
623,Christopher Mejia,25,West Amandahaven,112894.97,64.41
624,Kimberly Roberts,63,Lake Robertton,90622.1,331.27
625,Kevin Hernandez,19,Alexandraville,86912.7,301.23
626,Tina Case,35,Lauramouth,81682.33,103.63
627,Pamela Miller,35,Davidsonberg,107941.0,346.61
628,Randy Bates,42,Andersonburgh,112246.9,131.12
629,James Banks,35,Joshuaville,35872.56,80.6
630,Mrs. Gwendolyn Brown,21,West Jameshaven,99622.38,280.96
631,Debbie Schmidt,34,West Angela,57624.07,397.3
632,Jessica George,22,Lake Kevin,31521.15,496.71
633,Jessica Hansen,20,South Ruth,65519.91,464.22
634,Craig Black,18,Williamsonchester,71432.76,232.77
635,Tara Jackson,52,Courtneyfurt,67516.37,31.24
636,Felicia Lawrence,64,Jodyshire,91821.97,163.33
637,Justin Ward,63,New Jackie,85588.39,310.57
638,John Thomas,35,Lake Kathryn,38025.39,414.36
639,Diane Nash,20,Jenniferburgh,31444.44,379.59
640,Theresa Simon,49,Juliechester,107075.74,16.02
641,Timothy Dean MD,40,East Arthur,103647.46,312.31
642,Teresa Young,59,East Lisa,84209.46,34.05
643,Jill Grant,33,Michaelville,91005.17,218.63
644,Jeffrey Ortiz,37,North Jose,115663.3,91.9
645,Courtney Perry,26,South Cynthiaview,96715.3,175.03
646,Joseph Rasmussen,63,West Hollyside,95231.59,267.83
647,Justin Hayes,49,Brianberg,73080.26,429.79
648,Rebecca Williamson,58,West Anthony,67820.05,200.95
649,Jessica Martin,47,Jordanport,36711.54,287.9
650,Craig Brandt,39,East Markville,75021.36,149.93
651,Peter Odonnell,56,West Paul,39835.55,327.82
652,Kendra Gray,33,East Nathan,46318.19,244.25
653,Christopher Davis,52,Vaughnmouth,115015.31,242.8
654,Connie Hunt,60,Brittanybury,106625.96,129.77
655,Benjamin Cook,46,Ryanhaven,47091.35,164.04
656,Charlene Smith,33,East Ronnie,33348.44,454.95
657,Todd Bean,27,South Deniseport,34995.05,415.76
658,Brittney Warren,42,Colefort,106149.6,411.82
659,Frank Sullivan DVM,63,Jonesshire,109204.13,73.82
660,Thomas Le,25,Lake Tracy,68627.51,439.34
661,Joseph Arroyo,65,Calhounchester,101869.82,273.31
662,Christian Curry,49,Jonestown,113828.42,350.65
663,Gerald Fernandez,35,Melissashire,76796.72,125.69
664,Michael Joseph,56,South Ronaldmouth,34247.77,471.48
665,Jordan Ortiz,32,Sandrastad,32121.97,164.38
666,Erin Turner,64,Crawfordborough,31866.36,234.13
667,Alexandra Shaw,59,Turnershire,77114.35,270.8
668,Shelby Meza,20,North Marcus,83508.09,41.96
669,Stephanie Smith,38,Floresburgh,32700.03,273.62
670,Kimberly Johnson,47,Abigailmouth,115985.7,295.64
671,Paul Castaneda,50,Wilsonborough,96989.83,329.68
672,Courtney Holland,58,West Laceymouth,72168.73,482.73
673,Randall Flores,41,New Ann,35595.03,40.87
674,Hailey Lester,29,Mckenzieville,108402.37,106.07
675,Kyle Cunningham,26,Jamesland,36084.76,16.01
676,Jonathan Brown,44,Hillberg,81628.53,370.09
677,Madison Sanchez,44,New Scott,44839.59,34.26
678,Matthew Nguyen,18,Whitemouth,112290.35,305.12
679,Miss Kristi Stanley MD,62,North Katelynfort,38676.4,268.07
680,Jason Anderson,47,Vargasshire,89404.22,339.83
681,Curtis Foster,24,North Joshua,35000.24,179.82
682,Katherine Meyer,36,Heatherburgh,94659.39,201.94
683,Misty Rogers,26,Davidville,119465.18,257.24
684,Jessica Ford,45,Lake Brianchester,101650.9,481.74
685,James Holloway,45,North Brianna,94471.89,141.27
686,Sandy Wright,44,North Stacystad,76638.27,90.58
687,Mariah Martinez,41,West Tiffany,90384.64,100.18
688,Mark Nguyen,19,Snyderfurt,32702.6,347.68
689,Heather Powell,48,North Moniqueview,49724.06,277.36
690,Cody Levy,18,Lake Robinland,80741.22,119.61
691,Gabrielle Webb,48,New Tiffanyberg,57795.66,22.0
692,Sheri Elliott,25,Torreston,90487.31,232.79
693,Richard Davis,50,Lake Loriborough,86171.86,296.2
694,Paul Atkins,48,Haynesside,103486.46,464.65
695,Andrew Taylor,28,West Tammy,35967.64,458.84
696,Joshua Fuller,55,New Darrellport,61367.12,251.03
697,Jeffery Haynes,40,Lake Kathleen,119542.98,305.89
698,Thomas Walters,23,Floresport,109691.8,279.28
699,Diane King,43,Makaylamouth,106566.37,279.37
700,Christopher Meyer,54,South Michellebury,86134.54,83.14
701,Darryl Thomas,34,Jamesfurt,64457.33,189.42
702,Andrew Williams,52,Ayalaburgh,86483.9,258.55
703,Tony Howard,55,North Steven,93320.32,164.9
704,Rachel Miller,48,Smithside,95147.88,413.86
705,Tyrone Kemp,26,Port Randyborough,96972.72,106.42
706,Joseph Bradshaw,19,North Robert,79122.55,74.99
707,Jennifer Hernandez,61,East Nataliefurt,90850.27,292.41
708,David Lewis,23,Port Amandaton,86717.49,116.31
709,Michael Becker,42,Lake Tina,83303.42,450.48
710,Rachel Gibson,38,South Deborah,103350.81,71.8
711,Isaac Boyer,31,North Keith,68139.56,56.41
712,Paul Church,26,Cynthiaberg,38167.04,17.98
713,Trevor Koch,57,Smithton,44642.61,171.77
714,Jesse Nichols,54,Woodmouth,38424.06,169.95
715,Claire Tate,59,Stephenside,30477.61,54.67
716,Kelly Boyle,28,South Christophermouth,44623.6,284.96
717,Jessica Howard,43,South Mark,94248.64,338.64
718,Michael Hill,23,Robertsmouth,96481.95,272.37
719,Angela Mccarthy,38,Lake Alyssa,76388.08,329.45
720,Samuel Schmidt,19,Evansfurt,32642.28,124.61
721,Joel Christian,32,Chavezshire,67519.61,208.5
722,Stephanie Ingram,27,West Gregoryfort,66403.75,413.84
723,Monica Brennan,18,East Kevin,33710.41,463.83
724,Eric Reed,28,Medinaview,66589.17,316.75
725,Jennifer Hawkins,36,Port Savannah,77254.47,225.82
726,Breanna Hughes,45,East Ann,87652.1,402.63
727,John Jones,21,Port Tiffanyhaven,35555.62,141.69
728,Felicia Ellis,19,East Donnafurt,64081.76,253.8
729,Joseph Higgins,33,Lake Elizabeth,40618.32,389.44
730,Jasmine Silva,56,Hilltown,33233.38,134.86
731,Bonnie Davis,35,Lake Ashleyside,86410.8,58.18
732,Amber Mcdonald,50,Smallberg,99151.59,96.65
733,Joseph Frazier,56,Morganview,87016.48,367.11
734,Michael Klein,36,West Christianshire,64899.16,184.09
735,Rebecca Wilson,42,Foxfort,62447.79,304.02
736,Fernando Marks,40,Nancyborough,49932.2,347.45
737,Donald Foster,61,West Benjaminberg,34637.03,294.02
738,Sarah Bennett,37,New Shellyfurt,55160.86,165.41
739,Mark Romero,52,Brownbury,113375.92,447.06
740,Paul Lee,31,Thomastown,81576.42,395.81
741,Jacob Mcfarland,38,Sherriland,103620.31,71.73
742,Jeffery Hayes,47,Deborahfurt,90826.51,324.74
743,Laura Sims,57,Diazview,53799.28,341.49
744,Sean Thompson,22,South Sydneyport,117899.03,473.52
745,David Harrison,19,West Travisburgh,54535.64,53.57
746,Amanda George,41,Tammyburgh,31510.84,206.45
747,Daniel Hansen,48,New Josephmouth,93220.24,366.19
748,Robert Richardson,33,North Kevinstad,115523.87,490.36
749,Susan Burnett,53,East Carol,107387.69,335.9
750,Jacqueline Lee,62,East Makayla,76517.14,430.85
751,Amy Sanchez,44,Port Victoriachester,107302.81,389.39
752,Brian Hess,64,Ashleystad,83972.96,370.82
753,Mary Cross,59,Davidland,58086.03,497.66
754,Manuel Powell,34,South Michael,84948.59,481.63
755,Nathan Sullivan,59,Coxshire,70240.85,481.19
756,Cory Mckee,27,South Zacharystad,100791.44,479.61
757,Felicia Mullins,31,New Sean,40301.36,210.7
758,Vickie Saunders,55,West Dawnmouth,99644.66,389.47
759,Valerie Cook,34,Thomasbury,41362.01,90.55
760,Karen Rodriguez,45,West Jose,59176.78,141.44
761,Christopher Fox,65,West Danielfort,65415.92,383.7
762,Mr. Robert Hartman,58,Arnoldmouth,53671.02,253.35
763,Betty Pham,41,Colleentown,107058.12,320.29
764,David Ross,29,New Sharontown,109972.83,401.28
765,Elizabeth Thompson,20,Port Joanne,40597.94,45.4
766,Patricia George,43,Jasontown,86359.54,487.97
767,Karen Friedman,18,Johnsonfort,61536.13,397.55
768,Natalie Bishop,58,Michelehaven,32684.51,257.94
769,John Chavez,64,Lake Charles,107236.38,124.57
770,Brittany Murphy,38,Snyderburgh,102373.17,118.38
771,Taylor Singleton,40,Albertmouth,46470.28,68.67
772,Joseph Hernandez,56,Nashshire,50801.51,321.19
773,Tina Smith MD,29,Thomaston,38039.39,424.73
774,Alyssa Bailey,23,North Julie,44173.38,462.32
775,Daniel Nguyen,49,Ericport,92266.76,182.32
776,Lauren Hall,20,Kimshire,85098.45,214.73
777,Debra Roberts,58,Karaside,61588.57,439.89
778,Aaron Brandt,56,Port Juliestad,89194.79,498.3
779,Natalie Rodriguez,26,Moralesshire,87852.26,386.23
780,Jennifer Brown,28,Farleyton,94955.59,152.33
781,Colleen Mcmahon,65,New Shannonberg,75763.01,114.41
782,Vincent Weber,23,Mitchellmouth,106784.09,354.54
783,Jay Fernandez Jr.,48,Alexandraside,87955.7,49.88
784,Connie Ortiz,45,North Tylerland,46387.37,211.64
785,Scott Farley,48,South Amanda,50577.8,439.41
786,Brian Lambert,28,North Jessicaborough,114419.12,233.4
787,Sherry Anderson,52,North Kristenton,105785.5,32.86
788,Donna Andrade,33,Audreyborough,84644.42,334.89
789,David Contreras,54,West Lisa,39266.66,32.49
790,John Butler,50,Wrightberg,60509.91,51.26
791,Randy Frazier,28,South Nicholasview,78614.77,106.29
792,Barbara Perez,18,Laurenland,115434.74,494.28
793,David Rodriguez,53,Marybury,111637.94,294.41
794,Gina Johnson MD,42,North Jessica,108469.29,414.07
795,Nicole Chung,30,Thomashaven,50621.88,366.9
796,Julie Silva,27,North Jenniferberg,70088.43,288.64
797,Samantha Young,24,West Ashley,48737.33,282.78
798,Gwendolyn Fields,34,North Tanyaview,116034.79,199.57
799,Jennifer Mccoy,60,East Seanborough,39949.71,407.92
800,Nathaniel Bradley,53,Port Robynshire,103923.21,177.35
801,Pamela Jenkins,56,North Jason,38105.5,97.84
802,Charles Palmer,26,Port Steven,61229.37,91.6
803,April Hardy,19,Tracieberg,99559.8,214.05
804,Melanie Moore,63,Port Joanna,86844.11,448.34
805,Nathan Salinas,27,Colemanton,98399.43,203.61
806,Anthony Hanna,44,New Jamesbury,117298.34,150.6
807,Isabel Charles,20,Kimberlytown,113698.14,195.23
808,Kimberly Stein,63,Lake Maria,45924.04,410.16
809,Betty Alexander,34,West Gavinport,101596.01,259.0
810,Nicholas Jordan,44,Juarezfort,77203.04,286.87
811,Casey Johnson,58,East Adam,95617.59,352.98
812,Julia Ramos,63,Carlhaven,62025.06,197.3
813,Jeffrey Koch,38,Smithside,49548.55,279.24
814,Sharon Carter,56,Martinland,94174.96,429.55
815,David Alexander,23,North Ashley,37126.32,144.16
816,Joseph Sanchez,24,Shannonbury,64645.11,341.82
817,Jason Adams,58,Coreytown,108404.86,141.95
818,Jared Haynes,58,West Elizabeth,85262.84,168.79
819,Paul Hernandez,54,Crossville,90530.8,110.65
820,Julia Mejia,24,East Stephanieborough,97064.97,467.38
821,Joshua Fitzpatrick,50,Jacquelineborough,98762.55,297.81
822,Anne Jones,45,South Jeffrey,115179.89,476.94
823,Jennifer Williams,61,East Steven,69266.39,272.4
824,Jackie Sims,56,North Tammyshire,37055.3,294.8
825,Katie Stone,30,New Bradleymouth,64001.16,376.33
826,Kathy Salas,26,New Keith,109589.07,105.07
827,Harry Melton,30,East Morganton,61237.19,275.68
828,Kenneth Hughes,59,Oliviafort,96560.07,153.65
829,Michael Barnett,21,Williambury,68623.17,413.42
830,Miranda Brown,45,Port Donaldview,30420.32,103.14
831,Zachary Clark,35,Leeberg,105184.34,335.84
832,Mr. Larry Carroll,30,Port Sierra,73072.82,101.05
833,Ms. Catherine Castillo,31,Martinezstad,43932.2,265.41
834,Chase Hayes,64,Port Tanya,61563.8,36.95
835,Manuel Davis,52,South Brent,74701.42,50.93
836,Jessica Palmer,58,Lewisland,73779.55,56.85
837,Steven Ross,47,New Lisa,118534.72,426.95
838,Matthew Osborn,43,Bennettberg,78114.86,118.02
839,Lawrence Klein,41,Port Jeffreyberg,58000.29,149.55
840,Ethan Rivera,63,Lake David,30567.33,41.15
841,Mark Gonzalez,55,Port Connorfurt,39613.53,110.34
842,Phillip Howell MD,55,Vargasville,106561.59,471.8
843,Nicolas Solis,64,Port Kennethmouth,73106.8,475.29
844,Matthew Smith,18,Kellymouth,82122.42,242.02
845,Jeremy Cox,58,Nguyenland,38674.16,227.65
846,Roberto Gibson,22,Stevensview,56459.42,171.09
847,Sara Cole,62,Andersonchester,58186.75,111.08
848,Heather Reyes,64,West Jameshaven,37064.25,407.4
849,Jacob Garcia,41,Jessicashire,71290.35,399.55
850,Felicia Hawkins,19,West Zacharyton,71096.9,101.1
851,Jack Moyer,27,Lisaborough,46011.5,253.59
852,Robert Soto,62,Michealbury,33041.95,179.12
853,Jacob Anderson DDS,27,New Adam,40214.3,316.41
854,Victor Hull,60,East Julie,46739.8,54.64
855,Susan Barnett,65,Danaberg,106670.75,101.12
856,Matthew Baker,37,Jenniferchester,62846.57,123.62
857,Erin Kelly,61,Paulahaven,73280.54,246.68
858,Katrina Lowe,28,Josephfort,71986.67,392.63
859,Cristian Morton,34,Lake Diane,36673.87,252.47
860,Haley Williams,38,Carlosberg,100684.2,95.62
861,Joyce White,43,New Jeremiahfurt,49139.18,222.07
862,David Duran,64,Joshuatown,33423.11,23.63
863,Yvonne Gonzalez,39,Jenniferland,101181.32,110.41
864,Sandra Morris,55,East Debra,97248.93,498.87
865,Angel Meadows,34,Ashleyfort,58040.27,46.49
866,Jonathan Brandt,57,Johnsonmouth,45684.72,79.9
867,Valerie Thomas,33,New Jill,94120.65,491.39
868,Rebecca Parker,30,North Tiffanyview,76779.62,261.2
869,Tammy Fry,33,Rossshire,93125.16,66.4
870,Christian Garcia,46,New Anthonyhaven,75233.7,489.85
871,Darren Estrada,23,Hudsonton,62091.39,356.78
872,Dr. Holly Harrison,26,West Reginafurt,91962.61,48.65
873,Richard Morgan,42,Lake Elizabeth,112045.72,410.68
874,Michelle Martinez,53,Gregoryberg,33056.73,80.82
875,David Robertson,35,New Austinshire,46339.9,220.98
876,Phillip Craig,19,West Victor,87093.53,252.32
877,Amber Camacho,36,North Davidshire,92180.38,135.18
878,Carolyn Davila,19,Mistyland,113862.63,446.39
879,Alison Huynh,34,Hillview,32640.54,346.22
880,Tyler Garcia,37,Paulberg,38514.81,478.54
881,Joseph Gilbert,62,New Lisamouth,32066.39,455.96
882,Steven Gibson,30,Jacobberg,71689.21,483.01
883,Jared White,19,Michaelmouth,51937.31,171.26
884,Paul Collins,53,East Christopherfort,37861.28,437.36
885,Clayton Johnson,29,East Taraville,83514.74,200.54
886,Krista Stuart,54,Maryfort,64131.06,243.17
887,Tammy Wheeler,37,East Lauraland,108736.3,156.23
888,Kristin Cervantes,39,Lake Heathershire,30124.8,154.49
889,Jacob Taylor,54,Stoneshire,105866.61,407.65
890,Michael Banks,42,New Leslie,49221.08,128.75
891,Jennifer Gomez,20,Jessicafort,30423.45,235.16
892,Gloria Jackson,53,New Jeffrey,68929.25,282.23
893,Jessica Mcmahon,30,East Lauraland,49282.4,311.64
894,Gregg Small,55,South Courtney,99879.8,432.16
895,Dustin Brown,53,Austinview,44742.54,125.54
896,Edward Thompson,23,Salinashaven,114066.38,198.38
897,Craig Thomas,29,Hamiltonland,72657.36,36.04
898,Andrew Moore,38,Emilymouth,92523.04,177.69
899,Joann Sanchez,36,Lake Courtney,46355.64,473.13
900,Amanda Lee,42,Leechester,41386.13,205.31
901,Michael Cunningham,59,East Jessechester,35858.46,280.19
902,Sherry Parrish,26,New Sara,114406.12,256.94
903,Jessica Williams,22,Wisehaven,100974.43,134.47
904,Dillon Rivas,22,East Waynefort,88215.46,193.0
905,Tiffany Hendricks,61,Lake Jennifer,69097.11,438.27
906,Peter Henderson,35,New Austin,46733.11,215.64
907,Anthony Simmons,22,Port Rickey,107312.76,121.63
908,Miguel Martinez,28,Monroeland,88048.24,48.33
909,Michael Mayer,64,East Samantha,37752.45,379.03
910,Joseph Jones,18,Elizabethfort,30749.7,265.57
911,James Manning,58,East Maurice,75468.2,114.7
912,Julia Willis,57,Brianstad,71137.11,71.59
913,Jennifer Leblanc,54,South Michaeltown,80027.78,249.17
914,Jacqueline Brown,52,Lisabury,48989.53,416.53
915,Amanda Harvey,53,South Alexis,95585.35,58.25
916,Taylor Fowler,55,Port Danielburgh,104789.36,170.28
917,Daniel Davis,33,Aaronport,87379.17,72.17
918,Robin Porter,46,Silvachester,54458.92,29.53
919,Michael Ford,55,South Stephaniefort,36943.35,158.74
920,Robert Nelson,32,New Paul,30208.21,51.18
921,Tony Simpson,44,Josephbury,79254.45,350.59
922,Rebecca Ford,57,Lake Michaelbury,76172.87,117.45
923,Edward Cohen,19,West Kaitlyn,33910.99,135.91
924,Marc Ward,46,Raymondburgh,99628.67,221.4
925,Brian Scott,35,East Nicole,78584.96,345.88
926,Mr. Matthew Erickson,24,Benjamintown,100624.73,134.89
927,Timothy Henry,41,Port Michael,69856.34,133.26
928,Elizabeth Woods,51,Reyesbury,106686.23,135.6
929,Paula Jones,43,Mcbridetown,44681.68,442.51
930,Scott Vincent,48,New Steven,97723.66,178.82
931,Gregory Jones,22,Erinfort,44710.71,465.95
932,Jason Allen,62,Mcfarlandtown,31005.04,114.01
933,Michelle Walker,59,Jasonfort,49310.78,205.24
934,Richard Sanders,29,Galvantown,94611.39,338.4
935,Jordan Tran,64,Amandaburgh,85036.63,81.67
936,Christine Thompson,27,Kiddland,79323.82,201.24
937,Ashley Cross,38,West Heatherstad,53402.11,280.97
938,Sharon Sawyer,64,Gonzaleston,71887.5,247.3
939,Lori Mitchell,64,Lake Kevin,45047.91,366.07
940,Vanessa Richardson,26,Lake Aaron,118583.39,359.55
941,Juan Burns,32,Port Martin,102165.97,423.19
942,Joseph Reyes,53,New Donaldmouth,45252.17,197.21
943,Amy Becker,33,South Katherinestad,42654.05,130.28
944,Jason Barnes,43,Port Patrick,116659.48,319.53
945,Shannon Mcclain,40,Fieldsberg,115788.3,41.67
946,Gregory Moon,25,New Kristenfurt,107953.77,249.2
947,Sara Montoya,45,Parkerborough,40583.82,289.36
948,Amanda Lopez,34,Juanview,58325.15,292.97
949,Pamela Johnson,60,Port Carlos,90017.19,487.13
950,Bryan Sims,48,New Jonathan,38747.68,385.62
951,Warren Gray,56,Danielberg,37676.22,453.85
952,Michael Reyes,44,Wagnermouth,91564.82,178.19
953,Brittany Smith,18,West Brittany,35789.74,462.26
954,Angela Smith,62,North Joshua,97235.51,218.17
955,Richard Haney,22,Port Williamville,43227.78,68.04
956,Wendy Gilbert,19,Williamsport,40015.02,162.68
957,Alexis Galloway,38,Douglasport,45059.81,413.45
958,Timothy Gibbs,46,Mendozaside,52433.56,316.87
959,Alisha Rios,62,Joshuastad,49051.71,44.63
960,Debra Brown,58,West Nancymouth,65679.45,340.02
961,Tracey Gomez,39,East Codyport,117606.53,282.55
962,Diana Thomas,35,Calderonbury,101703.47,313.09
963,Terrence Ibarra,19,Deanville,49446.04,360.65
964,Matthew Mahoney,53,Mosston,34879.63,493.63
965,Joshua Hall,43,West Anthony,51400.91,20.89
966,Samuel Barr,39,Yatesport,105532.31,236.64
967,Kayla Anderson,54,Port Ritafurt,33361.08,89.76
968,Dennis Brooks,39,Tinahaven,54473.49,58.22
969,Matthew Miller,65,South Kelliborough,32851.63,57.48
970,Katelyn Rivera,33,South Saraside,71410.45,378.71
971,Todd Anderson,64,East Jesse,36635.82,414.53
972,Alyssa Leon,59,Fullerberg,75666.53,297.97
973,William King,34,New Christopher,38426.65,66.41
974,Jason Kerr,25,Acevedostad,75747.4,121.52
975,Marie Richard,38,New Matthewside,82319.4,67.74
976,Mr. Dakota Smith MD,48,Garciashire,93778.43,340.73
977,Brandon Ruiz,26,Port Manuelmouth,98274.16,26.93
978,Edward Quinn,44,West Michelle,82349.14,42.72
979,Veronica Mcdaniel,44,North Carolyn,104556.43,140.24
980,Wendy Graham,46,Hillton,51240.96,209.69
981,Kaitlyn Cortez,60,Kellyhaven,103129.27,303.96
982,Laura Livingston,57,Ryanshire,64833.98,330.17
983,Loretta Waller,35,Port Justin,81144.68,35.3
984,Karen Spears,26,Rangelmouth,96303.88,252.4
985,Erica Griffin,51,Lake Hollyview,78799.97,92.75
986,Debra Holmes,60,Williamstown,88536.16,277.62
987,Mrs. Kristina Lee,20,New Aaronville,85805.99,428.45
988,Robert Grant,31,Abbotthaven,95309.13,353.18
989,John Sexton,57,Lake Paulhaven,68138.84,152.94
990,Michael Yu,22,East Barry,40019.9,363.3
991,Henry Leon,18,Victoriashire,42141.69,380.98
992,Richard Valdez MD,37,Rowebury,46966.12,244.7
993,Angel Blair,18,Nathantown,83139.31,146.18
994,Edward Norman,49,Clarkborough,72090.81,405.81
995,Mrs. Stephanie Hamilton DDS,19,Lake Rachael,98722.94,354.72
996,Adrian Jordan,33,Jacquelineport,53026.69,288.24
997,Eileen Camacho,57,Lake Lisa,69836.4,94.47
998,Jared Ramsey,39,Allenberg,91150.0,374.54
999,Kirk Weaver,64,Taylorton,69847.96,328.3
1000,Kathy Davis,36,West Aaron,45365.62,191.22
